timestamp,block_number,issued_tao,staked_tao,staked_percentage,accounts,balance_holders,staked_pct_7d,staked_pct_30d
2024-12-27 23:59:48+00:00,4576628,8063536.40093101,6008917.509453912,74.51963023023157,208455,119389,,
2024-12-28 23:59:48+00:00,4583827,8069895.449789494,6013504.065887055,74.51774441568408,208882,119663,,
2024-12-29 23:59:48+00:00,4591027,8076223.706387165,6016888.695420234,74.50126338949372,209469,120015,,
2024-12-30 23:59:48+00:00,4598227,8082480.614931499,6019817.578777155,74.47982699341338,210029,120365,74.28542610907151,
2024-12-31 23:59:48+00:00,4605427,8088705.339734993,5974956.464384128,73.86789620129596,210521,120662,74.27451996418267,
2025-01-01 23:59:48+00:00,4612627,8094959.593147302,5979939.883429662,73.87238706530313,210931,120892,74.26698991117755,
2025-01-02 23:59:48+00:00,4619827,8101156.75054003,6014236.754659996,74.23923446807868,211504,121176,74.26870781413777,
2025-01-03 23:59:48+00:00,4627027,8107428.878636311,6035436.565956948,74.44328721600975,212083,121530,74.22746348665486,
2025-01-04 23:59:48+00:00,4634227,8113809.12754591,6041950.729144828,74.46503404464812,212612,121797,74.28648805884427,
2025-01-05 23:59:48+00:00,4641427,8120173.441008784,6050608.279869102,74.51328871021533,213052,121990,74.3693390303283,
2025-01-06 23:59:48+00:00,4648627,8126572.51577559,6029194.898973137,74.19111670103294,213611,122297,74.35874201753892,
2025-01-07 23:59:48+00:00,4655827,8132973.779717979,6041259.800538993,74.28106820662197,214119,122531,74.30220859756494,
2025-01-08 23:59:48+00:00,4663027,8139410.052858554,6059981.561192895,74.45234386569129,214678,122835,74.24454779253242,
2025-01-09 23:59:48+00:00,4670227,8145743.488677079,6041295.169372228,74.16505537855296,215480,123209,74.17100292978076,
2025-01-10 23:59:48+00:00,4677427,8152024.597516737,6036374.756934477,74.04755327619193,215972,123437,74.14006786254676,
2025-01-11 23:59:48+00:00,4684626,8158346.615244656,6042186.406172477,74.06140840942048,216420,123646,74.12423509418409,73.93126941555417
2025-01-12 23:59:48+00:00,4691826,8164614.06348886,6041689.86975193,73.99847467095373,216825,123967,73.9738696689408,73.88063665240887
2025-01-13 23:59:48.001000+00:00,4699026,8170903.567643972,6044390.879813674,73.97457123039497,217347,124198,73.89814291269178,73.82757135787872
2025-01-14 23:59:48+00:00,4706226,8177199.941419797,6065048.726000945,74.17023882808323,217876,124454,73.84961318622734,73.77440350836049
2025-01-15 23:59:48+00:00,4713426,8183504.67075072,6006674.906546381,73.39978588898825,218594,124799,73.78854241357286,73.72657766142947
2025-01-16 23:59:48+00:00,4720626,8189632.806756444,6030433.503518223,73.63496808480983,219413,125380,73.74211559072627,73.69966483830198
2025-01-17 23:59:48+00:00,4727826,8195723.925258253,6040891.503106264,73.70784519094097,220090,125774,73.67758969613853,73.66941983249855
2025-01-18 23:59:48+00:00,4735025,8202210.257085714,6039608.364848392,73.63391300083906,220573,126027,73.6055037025628,73.6247365775637
2025-01-19 23:59:48+00:00,4742224,8208752.672519564,6047674.325747328,73.67348691102758,221100,126339,73.55131853655853,73.56383804606098
2025-01-20 23:59:48+00:00,4749424,8215232.625134205,6040076.443615724,73.52288996828077,221601,126582,73.44510772150772,73.5045195924728
2025-01-21 23:59:48.001000+00:00,4756623,8221692.653629441,6056562.255041145,73.66563687305307,222359,126849,73.33928750570115,73.44426980131895
2025-01-22 23:59:48+00:00,4763823,8228132.647684501,6008222.754722976,73.02048972695846,222823,127074,73.25716385710426,73.39469825503643
2025-01-23 23:59:48.001000+00:00,4771023,8234578.075963607,6002306.850721216,72.89149237945416,223343,127320,73.16104391779638,73.3435110833653
2025-01-24 23:59:48+00:00,4778223,8241102.623895983,6013293.895977692,72.96710368029497,223819,127643,73.07574329086773,73.2845160331861
2025-01-25 23:59:48+00:00,4785423,8247652.764778363,6025656.547809926,73.05904746066079,224338,127944,72.96725629528105,73.22280869287177
2025-01-26 23:59:48+00:00,4792622,8254158.743537847,6025589.314913136,73.00064733587234,225079,128228,72.97076513221315,73.1612031224035
2025-01-27 23:59:48+00:00,4799822,8260736.4547032,6024206.954267599,72.92578557978028,225603,128519,72.99491072192987,73.09275499519043
2025-01-28 23:59:48+00:00,4807022,8267334.722586807,6027401.89443123,72.90622790394637,226260,128838,72.99461546634483,72.99787576292667
2025-01-29 23:59:48.001000+00:00,4814222,8273738.949156612,6043556.883459656,73.04505158548311,226948,129172,72.97171394625518,72.90117020940383
2025-01-30 23:59:48+00:00,4821422,8280218.783176316,6049570.196926326,73.06051150747123,227704,129431,72.91681165126317,72.76412975296458
2025-01-31 23:59:48.001000+00:00,4828622,8286847.417698698,6046501.275441284,72.9650368911997,228426,129628,72.8824823451521,72.67770319234641
2025-02-01 23:59:48.001000+00:00,4835821,8293454.197176523,6045823.348489712,72.89873682003322,228862,129877,72.85384906967398,72.59336042609362
2025-02-02 23:59:48+00:00,4843021,8300097.260935273,6027226.122810009,72.61633127092836,229364,130093,72.80512317354177,72.50696084201464
2025-02-03 23:59:48+00:00,4850221,8306694.958287572,6037761.138867598,72.68548043700265,230161,130438,72.76011482340134,72.43091878632033
2025-02-04 23:59:48+00:00,4857421,8313387.079548941,6044314.165584839,72.70579497559957,230782,130750,72.71975131898924,72.35907602470469
2025-02-05 23:59:48+00:00,4864621,8320037.531763376,6048997.617086895,72.7039703125576,231409,131014,72.63619394028782,72.29986287378985
2025-02-06 23:59:48+00:00,4871820,8326728.207089099,6057316.159029365,72.74545305648824,232093,131330,72.57663035331856,72.25841528455939
2025-02-07 23:59:48+00:00,4878757,8333088.89853771,6056696.702057928,72.682492360315,232637,131541,72.47984237560793,72.24090328767224
2025-02-08 23:59:48+00:00,4885596,8339561.738680123,6030656.929536418,72.31383516912331,233063,131746,72.25788562238526,72.23229495364802
2025-02-09 23:59:48+00:00,4892436,8346050.020931382,6025796.883897913,72.19938616214357,233599,132028,72.02494766697849,72.22121750058186
2025-02-10 23:59:48+00:00,4899446,8352597.364386973,6014535.352745976,72.00796459302818,234549,132634,71.64117224960951,72.21578563337945
2025-02-11 23:59:48.001000+00:00,4906646,8359273.941055357,5947798.761804553,71.152097703041,235323,133114,71.37324320819924,72.20437641495114
2025-02-12 23:59:48+00:00,4913846,8365924.557106242,5945947.41107011,71.07340462471015,235976,133390,71.20050748364264,72.1926070544147
2025-02-13 23:59:48.001000+00:00,4921036,8372708.90870688,5865838.238823412,70.05902513490534,236767,133900,71.04571769884647,72.17793624267019
2025-02-14 23:59:48+00:00,4928236,8379901.517089341,5933555.951319352,70.80698907044318,237517,134420,70.95210151841538,72.16199891275618
2025-02-15 23:59:48+00:00,4935436,8387098.072725221,5963619.673406866,71.10468509722703,238019,134702,71.00440242691779,72.14536343522023
2025-02-16 23:59:48+00:00,4942636,8379414.471483382,5959092.468999712,71.1158576685704,238525,134986,71.10055825779285,72.13109503522021
2025-02-17 23:59:48.001000+00:00,4949836,8383175.057180936,5981617.668934728,71.35265133001057,239258,135297,71.43815598082638,72.11800702091736
2025-02-18 23:59:48.001000+00:00,4957036,8390333.575377394,6000615.88796771,71.51820406255786,240119,135731,71.67931894509783,72.10767981742
2025-02-19 23:59:48+00:00,4964236,8383104.57048556,6014583.738463899,71.74649544083556,241587,136704,71.89768426816929,72.10425710733467
2025-02-20 23:59:48.001000+00:00,4971436,8390181.529159304,6076354.818983649,72.42220919614,242708,137460,72.11467318527501,72.10864798160925
2025-02-21 23:59:48+00:00,4978636,8397172.83608002,6087541.348754826,72.49512982034344,243915,138194,72.33516463021473,72.11239438932586
2025-02-22 23:59:48+00:00,4985836,8404014.881616695,6104108.496828157,72.63324235872723,244569,138641,72.49804559028124,72.11443921887503
2025-02-23 23:59:48+00:00,4993036,8411211.48469672,6109464.964672171,72.63478008831041,245175,139012,72.61607549354564,72.11065874391821
2025-02-24 23:59:48.001000+00:00,5000231,8390828.563040374,6116586.062272571,72.8960914445886,245818,139387,72.62234611575575,72.11330526894216
2025-02-25 23:59:48+00:00,5007431,8398025.222508937,6101868.304622367,72.65837078302336,246612,139793,72.63260352542997,72.11560151533313
2025-02-26 23:59:48+00:00,5014631,8404874.140645161,6099644.49584984,72.57270476368643,247165,140056,72.62234707152513,72.12457013287491
2025-02-27 23:59:48.001000+00:00,5021831,8412071.953501077,6095900.772660099,72.46610355161079,247732,140341,72.6083763290807,72.16080734501097
2025-02-28 23:59:48.001000+00:00,5029031,8419266.04419528,6109603.038927467,72.56693168806294,248271,140633,72.55266274998912,72.2007561453046
2025-03-01 23:59:48+00:00,5036231,8426464.61615995,6114364.671713699,72.56144718139332,248729,140891,72.502397661844,72.27711465575149
2025-03-02 23:59:48+00:00,5043431,8433662.885924144,6117524.773337497,72.53698489119952,249340,141175,72.50383971480922,72.32072455283227
2025-03-03 23:59:48+00:00,5050631,8440582.184208186,6119936.65443913,72.5060963909475,249878,141506,72.55689937941291,72.35694344014966
2025-03-04 23:59:48.001000+00:00,5057831,8447703.618193278,6108240.097868289,72.30651516600753,250571,141817,72.59253235884046,72.39251794373187
2025-03-05 23:59:48+00:00,5065031,8424455.533528427,6114705.638071402,72.58279913444295,251255,142157,72.62758246763617,72.4263563948762
2025-03-06 23:59:48+00:00,5072231,8427459.969875574,6138352.942502962,72.83752120383659,252156,142750,72.63216721340915,72.45290559907215
2025-03-07 23:59:48+00:00,5079431,8434407.917692803,6141629.047791739,72.8163625440558,253077,143312,72.61604357467976,72.46906677144995
2025-03-08 23:59:48+00:00,5086631,8441287.325770525,6145831.007058712,72.80679794296326,253599,143648,72.61058048723194,72.46458172665005
2025-03-09 23:59:48+00:00,5093831,8448463.493533801,6130972.07185343,72.56907811161035,254159,143955,72.56689819935177,72.45729795652936
2025-03-10 23:59:48+00:00,5101031,8455638.55748341,6121309.946666148,72.39323091984183,254654,144252,72.48142575124976,72.44492229698007
2025-03-11 23:59:48+00:00,5108231,8462571.902666878,6115754.612312478,72.2682735538728,255302,144588,72.40364090688736,72.43523390324334
2025-03-12 23:59:48.001000+00:00,5115431,8449202.878126474,6106832.317618496,72.27702311928181,256003,144888,72.33835269336578,72.41267755319494
2025-03-13 23:59:48+00:00,5122631,8456364.65175184,6108811.363075482,72.2392140671224,256599,145170,72.27352524640239,72.39939085985263
2025-03-14 23:59:48+00:00,5129831,8463209.622171102,6116519.740314847,72.27186863351909,257116,145403,72.24467107453192,72.39147602685989
2025-03-15 23:59:48+00:00,5137031,8470353.886307064,6128282.439938239,72.34978044831217,257556,145605,72.23250239198394,72.38668317323906
2025-03-16 23:59:48+00:00,5144231,8477210.876195304,6113364.866738915,72.11528598286661,257914,145756,72.24547121270655,72.37709047606698
2025-03-17 23:59:48+00:00,5151431,8484353.205921758,6124960.779425002,72.19125171674855,258374,145974,72.25625208718002,72.35232713753312
2025-03-18 23:59:48+00:00,5158631,8491528.695995487,6129448.036734218,72.18309277603689,258811,146119,72.25046094127296,72.34209453610553
2025-03-19 23:59:48+00:00,5165831,8477596.506333089,6135050.496889246,72.36780486434013,259429,146422,72.24158628467735,72.32676127321052
2025-03-20 23:59:48.001000+00:00,5173031,8484791.086335527,6135749.538740519,72.31468018843668,259949,146678,72.26463353237109,72.32417951856068
2025-03-21 23:59:48+00:00,5180231,8491732.217886152,6133691.173001478,72.23133061216971,260371,146879,72.27473651172818,72.33898817420446
2025-03-22 23:59:48+00:00,5187431,8498927.309967484,6143675.494931622,72.28765785214284,260749,147062,72.2977415831813,72.34629915642194
2025-03-23 23:59:48+00:00,5194631,8505867.718695745,6147753.409473176,72.27661671672278,261115,147294,72.27654102300933,72.34318075442708
2025-03-24 23:59:48+00:00,5201831,8513062.951449476,6151707.215034641,72.26197257224817,261572,147497,72.26869670791179,72.33592500820859
2025-03-25 23:59:48+00:00,5209031,8520008.721525354,6163726.038644488,72.34412827620889,262166,147772,72.28354373101679,72.3314835751868
2025-03-26 23:59:48+00:00,5216231,8527200.92028698,6158293.421848855,72.21940094313621,262682,148002,72.28849517256579,72.32979974083626
2025-03-27 23:59:48+00:00,5223431,8534124.255907897,6166738.557361453,72.25976998275388,263137,148221,72.28885718059122,72.33339316965994
2025-03-28 23:59:48+00:00,5230631,8519126.519845646,6162332.298597955,72.33525977390471,263585,148460,72.2255106738954,72.33990066446123
2025-03-29 23:59:48+00:00,5237831,8526026.83409667,6166220.234859688,72.32231794298589,264015,148681,72.20920761277578,72.33740469371159
2025-03-30 23:59:48+00:00,5245031,8533180.54532164,6167710.432076868,72.27915077290082,264496,148937,72.18445012148455,72.3316458964698
2025-03-31 23:59:48+00:00,5252231,8540125.18220334,6133393.820006804,71.81854702537743,265095,149178,72.18006334202146,72.32427671052042
2025-04-01 23:59:48.001000+00:00,5259431,8546962.476577386,6173471.582159589,72.2300068483715,265699,149444,72.27889177485747,72.32519247597274
2025-04-02 23:59:48+00:00,5266631,8554006.43023426,6162827.898773417,72.04609850409759,266472,149766,72.38382502162519,72.31806234753616
2025-04-03 23:59:48+00:00,5273831,8561026.978698071,6183549.529355416,72.2290625265123,267196,150147,72.44720498038372,72.31949029384344
2025-04-04 23:59:48+00:00,5281031,8547094.832270958,6241691.969175366,73.02705880375674,267767,150424,72.55728762767386,72.31747735472287
2025-04-05 23:59:48+00:00,5288231,8554106.388525782,6249360.730449002,73.05685067035996,268345,150693,72.58669166661454,72.3153918708217
2025-04-06 23:59:48+00:00,5295431,8560938.66940373,6225755.204219966,72.72281048421048,269042,151055,72.62906557879,72.30834440428285
2025-04-07 23:59:48+00:00,5302631,8567663.851735214,6219192.27058709,72.58912555640839,269707,151398,72.65006756337158,72.29851928543901
2025-04-08 23:59:48.001000+00:00,5309831,8574679.45896432,6211140.675045903,72.43583512095631,270310,151763,72.5708088718806,72.29048911818425
2025-04-09 23:59:48.001000+00:00,5317031,8581586.61928861,6208152.826788365,72.34271588932589,271006,152089,72.44330662534834,72.29094744368763
2025-04-10 23:59:48+00:00,5324231,8588780.708531423,6216222.489031239,72.37607641858325,271582,152334,72.35420580135609,72.28716938919669
2025-04-11 23:59:48.001000+00:00,5331431,8574011.676918333,6213779.002900265,72.47224796331999,272139,152660,72.28843141755932,72.28721907545324
2025-04-12 23:59:48+00:00,5338631,8581205.930012815,6192570.18962325,72.16433494463408,272611,152921,72.24656339262793,72.2846780099306
2025-04-13 23:59:48.001000+00:00,5345831,8588116.95460442,6191955.436255525,72.0991047162647,273153,153238,72.19436796038859,72.2786798272741
2025-04-14 23:59:48+00:00,5353031,8595309.480877498,6199685.408110741,72.12870486983108,273714,153525,72.17291863848469,72.26894188879298
2025-04-15 23:59:48.001000+00:00,5360231,8602216.250400333,6205876.133577505,72.14275894643654,274340,153865,72.14937131382798,72.25818867757258
2025-04-16 23:59:48+00:00,5367431,8609410.495890668,6196825.341636867,71.97734786365054,274856,154151,72.16191141765191,72.25451690489406
2025-04-17 23:59:48.001000+00:00,5374631,8616312.233115567,6223211.742473574,72.22593116525591,275568,154569,72.15059740332889,72.23535646214992
2025-04-18 23:59:48.001000+00:00,5381831,8623505.703405568,6235434.20230974,72.30741669072313,276427,155095,72.13119732004279,72.23384107363962
2025-04-19 23:59:48+00:00,5389031,8630430.535616713,6235668.653533736,72.25211567140141,277094,155460,72.11590485613469,72.22820686702667
2025-04-20 23:59:48+00:00,5396231,8637624.845655961,6220809.347682149,72.01990661600361,277990,155977,72.15852978094884,72.1943370498403
2025-04-21 23:59:48+00:00,5403431,8644817.88477554,6223655.46555707,71.9929042868283,278861,156417,72.15922342040953,72.16071569342324
2025-04-22 23:59:48.001000+00:00,5410631,8651801.207174364,6232386.574377646,72.03571169907997,279666,156862,72.14686268328227,72.12634204019352
2025-04-23 23:59:48+00:00,5417831,8658678.884039462,6258122.708311074,72.2757223373495,280343,157245,72.13706587552137,72.09664385514013
2025-04-24 23:59:48+00:00,5425031,8665870.434940914,6259426.384489337,72.23078664148082,281069,157628,72.15640982955075,72.0738309535793
2025-04-25 23:59:48+00:00,5432231,8673058.046787046,6263759.844376188,72.22089153083222,281727,158004,72.16173490122563,72.03635307212508
2025-04-26 23:59:48+00:00,5439431,8680086.63945582,6265593.639306657,72.1835380170752,282279,158331,72.15042672082686,71.99891720603809
2025-04-27 23:59:48+00:00,5446631,8687103.218584415,6268206.630431947,72.15531429420919,282919,158728,72.06937979335153,71.9571100608104
2025-04-28 23:59:48+00:00,5453831,8694029.65836553,6262325.193790767,72.03017978855249,283651,159127,71.98715221114675,71.92556474571306
2025-04-29 23:59:48+00:00,5461031,8700789.852810744,6260788.586824841,71.95655443628863,284301,159442,71.95568725656904,71.88882135015228
2025-04-30 23:59:48+00:00,5468231,8707977.11096168,6244350.522662787,71.7083938450222,285013,159762,71.9380441581474,71.8483792434961
2025-05-01 23:59:48+00:00,5475431,8715164.95473652,6244868.317916769,71.65519356604727,285701,160114,71.9174227287127,71.80436528423064
2025-05-02 23:59:48.001000+00:00,5482631,8722148.536216544,6280002.49297318,72.00063684878832,286452,160429,71.91999847004061,71.75996019245693
2025-05-03 23:59:48+00:00,5489831,8729337.772875747,6290363.970338897,72.06003632812381,287077,160703,71.8821479630449,71.7051371639502
2025-05-04 23:59:48+00:00,5497031,8736527.50727488,6291257.703289521,72.0109642881661,287803,161015,71.88068884301411,71.64614195089435
2025-05-05 23:59:48+00:00,5504231,8743567.195693526,6299583.6527075,72.0482099778479,288982,161875,71.89443948702616,71.58651260381875
2025-05-06 23:59:48+00:00,5511431,8750756.699533964,6273557.567650187,71.69160088731864,290321,162773,71.78268842944202,71.5348380714133
2025-05-07 23:59:48.001000+00:00,5518631,8757798.781995775,6279182.335174108,71.6981800048068,291139,163187,71.66739758770622,71.51930429347914
2025-05-08 23:59:48+00:00,5525831,8764980.473126834,6289000.412883368,71.75144807413153,292262,163812,71.55412177603812,71.49361283392915
2025-05-09 23:59:48+00:00,5533031,8772018.300001727,6247289.277941413,71.21837944569933,293262,164342,71.43551684944762,71.45763295795959
2025-05-10 23:59:48+00:00,5540231,8779205.39374125,6255447.257477441,71.25300043597326,294001,164758,71.33625998689368,71.42315146446074
2025-05-11 23:59:48.001000+00:00,5547431,8786270.414429313,6257409.016505294,71.2180336064893,294751,165200,71.22444022479917,71.38761661054065
2025-05-12 23:59:48+00:00,5554631,8793453.831295826,6262519.794447487,71.21797549171445,295624,165675,71.09171052399083,71.34254196032244
2025-05-13 23:59:48+00:00,5561831,8800504.24030834,6248076.645248421,70.99680284944115,296276,166016,71.00982704752512,71.30046410352855
2025-05-14 23:59:48.001000+00:00,5569031,8807488.0608936,6245869.058428,70.91544167014516,296894,166351,70.91386131525087,71.2722199202649
2025-05-15 23:59:48+00:00,5576231,8814669.901993537,6242755.502717881,70.82234016847313,297668,166775,70.81665084275917,71.24558831528758
2025-05-16 23:59:48+00:00,5583431,8821852.924985226,6232215.211211811,70.64519511043932,298483,167231,70.7088308095333,71.22135794201408
2025-05-17 23:59:48+00:00,5590631,8828931.28315335,6231569.20577196,70.58124031005354,299062,167541,70.63352620873324,71.19769216685313
2025-05-18 23:59:48.001000+00:00,5597831,8836112.896752246,6232778.462638521,70.53756029904743,299709,167929,70.72087610568443,71.16030252358796
2025-05-19 23:59:48+00:00,5605031,8843172.529442484,6231185.463792115,70.4632352591334,300443,168318,70.78410864055688,71.12199452836845
2025-05-20 22:05:12+00:00,5611658,8849586.50564427,6236274.463869291,70.46967064384073,301015,168609,70.86284163310309,71.08405521924253
2025-05-21 23:46:12.001000+00:00,5613848,8720726.749108743,6237664.71177814,71.52689094880343,301015,168609,70.95071327974048,71.0432656851752
2025-05-22 23:59:48+00:00,5617099,8723713.519542376,6216951.640487308,71.26496791258036,301421,168862,71.03889693890939,71.0126517021355
2025-05-23 23:59:48+00:00,5624281,8730875.136867842,6216062.330184216,71.19632605826267,302496,169458,71.09147740339436,70.98458872268354
2025-05-24 23:59:48+00:00,5631481,8738062.452113705,6221180.813295069,71.19634183651536,303107,169724,71.15194996718758,70.95788141020971
2025-05-25 23:59:48+00:00,5638681,8745055.05045998,6222530.446181915,71.15484591322976,303767,169995,71.10280187316457,70.94826122230705
2025-05-26 23:59:48.001000+00:00,5645881,8752242.68933178,6199327.145646475,70.8312985105282,304513,170389,71.08746449807722,70.93574699755239
2025-05-27 23:59:48+00:00,5653081,8759285.835359167,6209718.631932524,70.89297859039326,305256,170752,71.05677258215648,70.92262076784002
2025-05-28 23:59:48+00:00,5660281,8750317.877174713,6228726.024477306,71.18285429064237,305924,171044,71.02089807854267,70.91136316795213
2025-05-29 23:59:48+00:00,5667465,8757487.19740535,6231618.260561413,71.15760628696898,306698,171481,70.98148402677177,70.90629661111714
2025-05-30 23:59:48+00:00,5674624,8764542.714307275,6221202.365828925,70.98148264681748,307409,171775,70.9928408783446,70.90194926785014
2025-05-31 23:59:48.001000+00:00,5681824,8771727.57503167,6223121.453206137,70.94522031121868,307960,172081,70.98995608177252,70.90035299808766
2025-06-01 23:59:48.001000+00:00,5689024,8778814.09627082,6222331.038880964,70.8789475508334,308449,172315,70.93876603394193,70.90138899313447
2025-06-02 23:59:48+00:00,5696224,8785994.187922372,6230218.456598792,70.91079647153802,309019,172611,70.88384819239313,70.89816672521401
2025-06-03 23:59:48.001000+00:00,5703424,8793084.45922007,6231903.844916666,70.87278501438873,309675,172932,70.86596361731183,70.88782032635912
2025-06-04 23:59:48+00:00,5710616,8800260.4852129,6232742.595524895,70.82452395582823,310319,173256,70.86667910141156,70.87873798229593
2025-06-05 23:59:48+00:00,5717815,8807335.561929272,6233231.573409838,70.77318139612737,311038,173612,70.87393999538094,70.87034912707956
2025-06-06 23:59:48.001000+00:00,5725015,8814413.21792616,6245566.246251488,70.85629062124835,311755,173998,70.86919388420885,70.8903700804886
2025-06-07 23:59:48+00:00,5732215,8821604.060340052,6258948.255812418,70.95022869991685,312353,174251,70.86225984145592,70.91366971684484
2025-06-08 23:59:48+00:00,5739415,8828795.518817166,6262244.691522506,70.929773808619,312952,174483,70.87022034706297,70.93350251876812
2025-06-09 23:59:48+00:00,5746615,8835888.440349944,6262663.340769761,70.87757369333343,313639,174881,70.8804524539579,70.95385842384589
2025-06-10 23:59:48+00:00,5753815,8814344.677628621,6242693.220804587,70.82424671511822,314328,175330,70.87027113265607,70.97761744342732
2025-06-11 23:59:48.001000+00:00,5761015,8821535.627919905,6252726.28593607,70.88024749507753,315001,175698,70.84516018632483,71.00654280533585
2025-06-12 23:59:48+00:00,5768215,8828617.30273476,6254616.813352684,70.84480614439192,315611,176050,70.80894606535693,71.03770577211557
2025-06-13 23:59:48.001000+00:00,5775415,8835808.727406517,6254429.096095725,70.78502137213559,316572,176559,70.75280300522928,71.0558047971868
2025-06-14 23:59:48.001000+00:00,5782615,8834751.763135213,6252747.152598195,70.77445207559816,317364,176918,70.66750609355532,71.07664810253225
2025-06-15 23:59:48+00:00,5789812,8841939.478141736,6249153.45753126,70.67627496184367,318024,177113,70.56900858529251,71.10768748626269
2025-06-16 23:59:48+00:00,5797012,8845211.72614926,6234509.651768001,70.48457227243988,318916,177574,70.47946556285792,71.14253899380346
2025-06-17 23:59:48+00:00,5804212,8852400.834520342,6216790.435605948,70.22716833340047,319681,177861,70.67125101699203,71.19467818255431
2025-06-18 23:59:48+00:00,5811412,8859589.078692136,6218613.344629992,70.19076493723783,320278,178064,70.84118029237332,71.24203781183554
2025-06-19 23:59:48.001000+00:00,5818612,8866693.934590178,6226015.589203571,70.21800498734979,321050,178343,71.00047102867585,71.29620889541417
2025-06-20 23:59:48+00:00,5825812,8873883.37057906,6400511.963053946,72.12751955107434,321800,178660,71.18939198816273,71.35215908678738
2025-06-21 23:59:48+00:00,5833012,8881073.64210896,6391172.0172358,71.96395700326732,322349,178918,71.42374172634452,71.40627004397824
2025-06-22 23:59:48+00:00,5840212,8888222.312051117,6380971.243840691,71.79131011596138,322944,179200,71.63921235927975,71.45810679034382
2025-06-23 23:59:48+00:00,5847412,8895348.434126917,6387484.539217706,71.80701898884797,323742,179618,71.86919273162766,71.55712000075856
2025-06-24 23:59:48+00:00,5854612,8902440.007283518,6397971.443637006,71.86761650067301,324303,179882,71.81180780187117,71.65824902208485
2025-06-25 23:59:48+00:00,5861812,8909481.91988143,6388014.731097812,71.69905936778449,324870,180106,71.78594329388044,71.76072366505399
2025-06-26 23:59:48+00:00,5869012,8916667.178280752,6404651.894593998,71.82786759378517,325414,180340,71.80327958570467,71.8705267586963
2025-06-27 23:59:48+00:00,5876212,8923823.888764132,6400686.309580662,71.72582504277882,326059,180607,71.82952909264661,71.97412704667052
2025-06-28 23:59:48+00:00,5883412,8931011.447175693,6410939.502616548,71.78290544733225,326504,180804,71.91174433731605,72.08079006161006
2025-06-29 23:59:48+00:00,5890612,8938199.08313565,6427697.088494113,71.912664158731,327080,181040,72.0021051919147,72.19000330065428
2025-06-30 23:59:48+00:00,5897812,8945384.425230354,6439850.727990391,71.99076553744148,327836,181323,72.09782661019504,72.30109352468682
2025-07-01 23:59:48+00:00,5905012,8952569.206803111,6485520.741245634,72.44312321335921,328497,181624,72.20885584651582,72.4229512465992
2025-07-02 23:59:48+00:00,5912212,8959754.849956935,6480732.726445112,72.33158534997484,329331,182037,72.29651365573308,72.55045450721549
2025-07-03 23:59:48+00:00,5919406,8966932.351447431,6500839.220383269,72.4979175217477,329907,182344,72.36776063480228,72.69241794316298
2025-07-04 23:59:48.001000+00:00,5926606,8974114.204070354,6506504.686421991,72.50302969702416,330548,182594,72.64345484550486,72.83247487599212
2025-07-05 23:59:48+00:00,5933806,8981292.93487924,6502142.647774998,72.39651011185312,331086,182830,72.8606721647975,72.97274159226279
2025-07-06 23:59:48+00:00,5941006,8988470.147564666,6508676.444338713,72.41139301221546,331625,183104,73.09213325514507,73.04870801436047
2025-07-07 23:59:48+00:00,5948203,9382992.417759923,6935966.640070443,73.92062501235955,332327,183451,73.32362211266502,73.12917544054598
2025-07-08 23:59:48+00:00,5955403,9390189.399808971,6945326.30070678,73.96364444840773,332915,183745,73.53579731799076,73.21292898495612
2025-07-09 23:59:48+00:00,5962603,9397386.868807776,6949537.962454072,73.95181298240776,333717,184117,73.77125252952287,73.29440160292887
2025-07-10 23:59:48.001000+00:00,5969803,9387445.502697293,6957818.730356013,74.1183395243874,334619,184590,74.0069704625581,73.37909858387356
2025-07-11 23:59:48+00:00,5977003,9394641.3648736,6950931.315941987,73.98825613430436,335572,185111,74.03361814601736,73.46660605324067
2025-07-12 23:59:48+00:00,5984203,9401838.325179484,6961562.662003849,74.04469659257784,336283,185433,74.08624131327556,73.5501403295516
2025-07-13 23:59:48+00:00,5991403,9409035.24926902,6968464.97686301,74.06141854346208,337041,185756,74.13736375734996,73.63313229699368
2025-07-14 23:59:48+00:00,5998603,9416230.165683324,6978100.641533877,74.10715879657434,337895,186153,74.18989688412682,73.71204488118534
2025-07-15 23:59:48.001000+00:00,6005798,9423419.668200357,7004616.931523112,74.33200661921518,338816,186616,74.24764213952793,73.78038532415627
2025-07-16 23:59:48.001000+00:00,6012995,9430611.129556611,7007856.017931913,74.30967009092858,339594,187076,74.30211497994104,73.84578774606317
2025-07-17 23:59:48+00:00,6020195,9437805.776471904,7029850.750372246,74.4860714118254,340379,187550,74.35141407573285,73.89397793454485
2025-07-18 23:59:48+00:00,6027395,9445000.273895323,7026369.271250997,74.39247292211213,341174,187947,74.39010278891257,73.94445726556592
2025-07-19 23:59:48+00:00,6034595,9452195.609208819,7034891.716183799,74.4260064754695,341797,188262,74.3860899073484,73.98990944635415
2025-07-20 23:59:48+00:00,6041795,9459391.12866604,7038403.015521386,74.40651221400483,342343,188606,74.37773668407723,74.03440436853582
2025-07-21 23:59:48+00:00,6048995,9466584.466853732,7041054.281449214,74.37797978883238,342938,188989,74.3666587579612,74.08219527312696
2025-07-22 23:59:48+00:00,6056195,9473776.510192484,7039386.982628878,74.30391644826605,343724,189551,74.35691740463065,74.12907342989566
2025-07-23 23:59:48+00:00,6063395,9480970.91197672,7039734.439426931,74.2511975280303,344375,189891,74.34375874857973,74.12753082011811
2025-07-24 23:59:48+00:00,6070595,9490816.437321387,7061976.609639335,74.40852592901324,344948,190177,74.31648329887066,74.1269917601685
2025-07-25 23:59:48.001000+00:00,6077795,9497974.613244768,7059301.573442941,74.32428344879825,345514,190449,74.28395518233484,74.12449734556498
2025-07-26 23:59:48+00:00,6084995,9505134.64945646,7065536.893876665,74.33389588311302,345992,190696,74.23523532513386,74.11631817972726
2025-07-27 23:59:48.001000+00:00,6092195,9512306.263076548,7059613.651292894,74.21558406604139,346476,190937,74.19261256322213,74.11170060515035
2025-07-28 23:59:48+00:00,6099395,9519472.387603898,7058715.712952661,74.15028297308164,347213,191336,74.11837012590738,74.10550348359912
2025-07-29 23:59:48.001000+00:00,6106595,9554505.76961881,7066787.393131788,73.96287744785911,347938,191687,74.05003895902283,74.09056100462576
2025-07-30 23:59:48.001000+00:00,6113795,9561672.62358006,7071128.284018135,73.95283819464818,348779,192199,73.98255139649164,74.0712225065894
2025-07-31 23:59:48+00:00,6120995,9568831.33513238,7070297.409865348,73.88882886781005,350776,193816,73.9285932959821,74.04506186851121
2025-08-01 23:59:48.001000+00:00,6128195,9575991.066779075,7071483.038447651,73.84596528060645,351722,194456,73.88287247834002,74.02028202567256
2025-08-02 23:59:48+00:00,6135395,9583165.095267141,7078267.852469752,73.86148294539464,352355,194879,73.86213823082822,73.98847621792721
2025-08-03 23:59:48.001000+00:00,6142595,9590335.14059788,7081299.899764973,73.83787736247463,353211,195532,73.85092516288321,73.95955249841664
2025-08-04 23:59:48+00:00,6149795,9597491.752502514,7085850.930882162,73.83023724958711,354101,196167,73.85930284604164,73.92820885213699
2025-08-05 23:59:48+00:00,6156995,9604640.848394588,7089928.589962221,73.81773771527645,354982,196777,73.86373359799822,73.89521272376909
2025-08-06 23:59:48.001000+00:00,6164195,9611795.126258032,7100650.857494988,73.87434671903314,355833,197327,73.86537382712127,73.86698893615929
2025-08-07 23:59:48.001000+00:00,6171395,9618940.3664133,7112963.296665505,73.94747264991912,356762,197885,73.86706690348157,73.84248772464187
2025-08-08 23:59:48+00:00,6178595,9626093.406351268,7111467.152986509,73.87698054430247,357670,198418,73.87114486011794,73.82025430219387
2025-08-09 23:59:48+00:00,6185795,9633250.681530548,7116367.860908027,73.87296454925603,358347,198834,73.84191721140142,73.79288102740104
2025-08-10 23:59:48+00:00,6192995,9640404.427796656,7119412.534501892,73.84972889699665,359040,199281,73.79229680232281,73.76820873526518
2025-08-11 23:59:48+00:00,6200195,9647549.972227044,7125562.993598081,73.85878294604173,359836,199839,73.73511320617294,73.74288666061882
2025-08-12 23:59:48+00:00,6207395,9713274.46728575,7150246.73764472,73.61314417426078,360682,200378,73.69072667209676,73.72075679818894
2025-08-13 23:59:48+00:00,6214595,9720460.33872642,7147163.24802607,73.527003855483,361684,201020,73.64200276212658,73.69934543002526
2025-08-14 23:59:48+00:00,6221795,9727651.479370115,7154414.070628844,73.54718747686987,362696,201768,73.59557882495494,73.68058564511041
2025-08-15 23:59:48+00:00,6228995,9734841.915164972,7161560.555217481,73.56627480576934,363469,202230,73.5422808451033,73.66119545287422
2025-08-16 23:59:48+00:00,6236195,9742032.203274213,7163501.102901938,73.53189717946475,364076,202547,73.51420715777564,73.6434241623655
2025-08-17 23:59:48+00:00,6243395,9749226.319543201,7168095.383628151,73.52476133679508,364884,202967,73.51481605849786,73.6242630702604
2025-08-18 23:59:48.001000+00:00,6250595,9756420.648057517,7169573.723972904,73.48569708708031,365706,203436,73.51791500505131,73.59829121038389
2025-08-19 23:59:48+00:00,6257795,9763606.854331952,7168110.959066077,73.41662836296715,366465,203984,73.52047501202573,73.57453407777803
2025-08-20 23:59:48+00:00,6264995,9766370.35140782,7181335.777317606,73.53126616053852,367303,204511,73.52839365570617,
2025-08-21 23:59:48.001000+00:00,6272195,9773551.618720263,7190292.472156099,73.56888010274393,368130,205083,73.53687270541006,
2025-08-22 23:59:48+00:00,6279395,9780721.053213,7197064.837980202,73.58419485459041,369111,205796,73.54952078493041,
2025-08-23 23:59:48+00:00,6286595,9787894.224628031,7202649.796560512,73.58732768522775,369767,206218,73.56881504638442,
2025-08-24 23:59:48.001000+00:00,6293795,9795076.822987163,7207620.562883535,73.58411468472238,370682,206922,73.56548301318904,
2025-08-25 23:59:48.001000+00:00,6300995,9802254.970958289,7211933.974686269,73.57423364372265,371705,207613,73.54136926999907,
2025-08-26 23:59:48+00:00,6308195,9809434.747409023,7215004.858924327,73.55168819314521,372721,208313,73.51093178042358,
2025-08-27 23:59:48+00:00,6315395,9816619.924853291,7215995.273670417,73.50794192817095,373471,208767,73.47784070432648,
2025-08-28 23:59:48+00:00,6322595,9753712.737635313,7159233.332829696,73.4000839004141,374262,209253,73.43312896614523,
2025-08-29 23:59:48+00:00,6329795,9760893.252018662,7161677.914051571,73.37113242756196,375101,209775,73.36285660977053,
2025-08-30 23:59:48+00:00,6336995,9768075.061920732,7165438.876290899,73.35569015254815,375992,210156,73.30192449422098,
2025-08-31 23:59:48.001000+00:00,6344195,9775236.009199396,7162426.130194336,73.27113251745364,376604,210482,,
2025-09-01 23:59:48+00:00,6351395,9782373.453851713,7149186.170490596,73.08232714909974,377377,210876,,
2025-09-02 23:59:48+00:00,6358595,9789554.690666564,7158627.862145174,73.1251633842984,378205,211348,,
